False,undefined,5000,False
Sycraia Abyssal Ruins (Lower),Underwater Ancient Weapon Power Stone,Mossy Ancient Ruins Fragment,Black Stone (Armor),Black Stone (Weapon),Sealed Black Magic Crystal,Ancient Creature's Scale,Ancient Seal - Red Shard,Ancient Seal - Black Shard,Traveler's Map,Tungrad Ring,Caphras Stone,Ancient Spirit Dust,Abyssal Essence,Imperfect Lightstone of Fire,Imperfect Lightstone of Earth,Imperfect Lightstone of Wind,Any Artifact
Star's End,Sanguine Crystal of Despair,Black Stone (Armor),Black Stone (Weapon),Sealed Black Magic Crystal,Clear Blackstar Crystal,Black Distortion Earring,Ancient Spirit Dust,Caphras Stone,Trace of Origin,Mass of Pure Magic,Imperfect Lightstone of Fire,Imperfect Lightstone of Earth,Imperfect Lightstone of Wind,Any Artifact
Hystria Ruins,Hystria Ruins Fragment,Black Stone (Armor),Black Stone (Weapon),Sealed Black Magic Crystal,Scroll Written in Ancient Language,Ancient Spirit Dust,Caphras Stone,Part of Explorer's Compass,Ancient Power - Black Shard,Ancient Power - Red Shard,Tungrad Necklace,Traveler's Map,Pure Forest Breath,Mass of Pure Magic,Imperfect Lightstone of Fire,Imperfect Lightstone of Earth,Imperfect Lightstone of Wind,Any Artifact,Watch Tower Activation Device
Tunkuta,Broken Horn Fragment,Old Warrior's Horn Decoration,Black Stone (Armor),Black Stone (Weapon),Turo's Belt,Thick Turo Belt,Turo Heart,Caphras Stone,Ancient Spirit Dust,Embers of Despair,Flame of Despair,Venomous Night Fang,Quturan's Ashen Leaf,Imperfect Lightstone of Fire,Imperfect Lightstone of Earth,Imperfect Lightstone of Wind,Any Artifact,Silver,Quturan's Right Lung,Ulutuka (Boss)
Olun's Valley,Golem's Heart Fragment,Purple Floating Stone Fragment,Black Stone (Armor),Black Stone (Weapon),Caphras Stone,Ancient Spirit Dust,Olucas,Venomous Night Fang,Quturan's Ashen Leaf,Any Artifact,Silver,Quturan's Right Lung
Aakman Temple,Aakman Guardian's Token,Black Stone (Armor),Black Stone (Weapon),Scroll Written in Ancient Language,Sealed Black Magic Crystal,Part of Explorer's Compass,Tungrad Earring,Ancient Power - Black Shard,Ancient Power - Red Shard,Caphras Stone,Ancient Spirit Dust,Traveler's Map,Pure Forest Breath,Mass of Pure Magic,Imperfect Lightstone of Fire,Imperfect Lightstone of Earth,Imperfect Lightstone of Wind,Any Artifact,Darkness Condenser Detection Device
Thornwood Forest,Moonlight Spirit Powder,Talon of Darkness,Obsidian Amethyst Fragment,Black Stone (Armor),Black Stone (Weapon),Caphras Stone,Ancient Spirit Dust,Ominous Ring,Ah'krad,Venomous Night Fang,Mass of Pure Magic,Quturan's Black Leaf,Imperfect Lightstone of Fire,Imperfect Lightstone of Earth,Imperfect Lightstone of Wind,Any Artifact,Silver,Specter's Energy,Quturan's Left Lung,Dark Knight (Boss)
Crypt of Resting Thoughts,Abyssal Ash,Black Stone (Armor),Black Stone (Weapon),Caphras Stone,Ancient Spirit Dust,Venomous Night Fang,Ah'krad,Abyssal Gaze,Deboreka Belt,Quturan's Black Leaf,Quturan's Ashen Leaf,Imperfect Lightstone of Fire,Imperfect Lightstone of Earth,Imperfect Lightstone of Wind,Any Artifact,Raz'nal (Boss),Quturan's Right Lung,Quturan's Left Lung
Kratuga Ancient Ruins,Iridescent Rock Piece,Black Stone (Armor),Black Stone (Weapon),Sealed Black Magic Crystal,Forbidden Book,Ancient Spirit Dust,Caphras Stone,Yona's Fragment,Traveler's Map,Tungrad Earring,Laytenn's Power Stone,Elkarr,Mass of Pure Magic,Imperfect Lightstone of Fire,Imperfect Lightstone of Earth,Imperfect Lightstone of Wind,Any Artifact,Kratuga Security System
Padix Island,Outlaw's Mark,Black Stone (Armor),Black Stone (Weapon),Ethereal Earring,Blue Coral Earring,Black Spirit's Claw Piece,Ancient Spirit Dust,Caphras Stone,Imperfect Lightstone of Fire,Imperfect Lightstone of Earth,Imperfect Lightstone of Wind,Any Artifact,[Event] Loah Flower Scent Event
Abandoned Monastery,Shadow Knight's Armor Ornament,Black Stone (Armor),Black Stone (Weapon),Ancient Relic Crystal Shard,Dawn Earring,Dawn's Resentment,Ancient Magic Crystal - Carmae,Ancient Spirit Dust,Imperfect Lightstone of Fire,Imperfect Lightstone of Earth,Imperfect Lightstone of Wind,Any Artifact,Darkness Summoned by Dawn,Silver
Biraghi Den,Proof of Reckless Courage,Black Stone (Armor),Black Stone (Weapon),Sealed Black Magic Crystal,Narc's Lightning,Moon's Split Nail,Shard of the Drained Night,Seed of Void,Cold Tears of the Black Sun,Trace of Battle,Mass of Pure Magic,Glimmering Treasure Key,Sparkling Treasure Key,Dazzling Treasure Key,Silver,Burning Valtarra's Jordun,Biraghi Den (Boss)
Altar Imp Habitat,Covetous Eye,Black Stone (Armor),Black Stone (Weapon),Sealed Black Magic Crystal,Tears of the Arid River,Okiara's Tide,Shard of the Tearful Night,Seed of Void,Cold Tears of the Black Sun,Trace of Death,Mass of Pure Magic,Silver,Burning Valtarra's Jordun,Altar Imp Captain (Boss)
Swamp Fogan Habitat,Hardened Casque,Bruised Naga Fin,Black Stone (Armor),Black Stone (Weapon),Sealed Black Magic Crystal,Okiara's Tide,Shard of the Tearful Night,Tears of the Arid River,Narc's Lightning,Shard of the Drained Night,Moon's Split Nail,Seed of Void,Cold Tears of the Black Sun,Trace of Death,Mass of Pure Magic,Burning Valtarra's Jordun,Fogan Prince Titium (Boss)
Swamp Naga Habitat,Bruised Naga Fin,Hardened Casque,Black Stone (Armor),Black Stone (Weapon),Sealed Black Magic Crystal,Narc's Lightning,Shard of the Drained Night,Moon's Split Nail,Okiara's Tide,Shard of the Tearful Night,Tears of the Arid River,Seed of Void,Cold Tears of the Black Sun,Trace of Battle,Mass of Pure Magic,Burning Valtarra's Jordun
Castle Ruins,Mark of Desperate Rebels,Black Stone (Armor),Black Stone (Weapon),Sealed Black Magic Crystal,Heart of the Arid Forest,Valtarra's Flame,Shard of the Furious Night,Seed of Void,Trace of Savagery,Mass of Pure Magic,Silver,Burning Valtarra's Jordun,Al Rhundi's Secret Orders
Orc Camp,Oily Orange Mushroom,Black Stone (Armor),Black Stone (Weapon),Sealed Black Magic Crystal,Valtarra's Flame,Heart of the Arid Forest,Shard of the Furious Night,Seed of Void,Trace of Savagery,Mass of Pure Magic,Burning Valtarra's Jordun,Orc Chief (Boss)
Bloody Monastery,Proof of Blind Faith,Black Stone (Armor),Black Stone (Weapon),Sealed Black Magic Crystal,Narc's Lightning,Moon's Split Nail,Shard of the Drained Night,Seed of Void,Cold Tears of the Black Sun,Trace of Battle,Mass of Pure Magic,Burning Valtarra's Jordun,Crimson Bell,Muskan (Boss)
Blood Wolf Settlement,Blood Wolf Mane,Blood Wolf Tooth,Black Stone (Armor),Black Stone (Weapon),Combined Magic Crystal - Hoom,Combined Magic Crystal - Gervish,Dragon Scale Fossil,Garmoth's Scale,Akum Armor,Ancient Spirit Dust,Caphras Stone,Trace of Savagery,Kagtum Submission Ring,Eye of the Ruins Ring,Seleth Main Weapon Box,Kalis Main Weapon Box,Kagtunak,Mass of Pure Magic,Blood Wolf's Oath,Imperfect Lightstone of Fire,Imperfect Lightstone of Earth,Imperfect Lightstone of Wind,Any Artifact,Specter's Energy,Manos Craftsman's Clothes,Ancient Ash Halfmoon Kagtunak
Sherekhan (Day),Token of Bravery,Black Stone (Armor),Black Stone (Weapon),Combined Magic Crystal - Hoom,Combined Magic Crystal - Gervish,Combined Magic Crystal - Macalod,Orkinrad's Belt,Trace of Battle,Seleth Main Weapon Box,Kalis Main Weapon Box,Orkinrad Piece - Metal Ornament,Orkinrad Piece - Leather Knot,Dragon Scale Fossil,Garmoth's Scale,Akum Armor,Caphras Stone,Ancient Spirit Dust,Mass of Pure Magic,Dragon's Fang,Imperfect Lightstone of Fire,Imperfect Lightstone of Earth,Imperfect Lightstone of Wind,Any Artifact,Specter's Energy,Ancient Sherekhan's Panacea
Tshira Ruins,Swamp Leaves,Mud Stained Branch,Black Stone (Armor),Black Stone (Weapon),Combined Magic Crystal - Gervish,Combined Magic Crystal - Macalod,Combined Magic Crystal - Hoom,Eye of the Ruins Ring,Dragon Scale Fossil,Garmoth's Scale,Trace of Forest,Caphras Stone,Ancient Spirit Dust,Seleth Main Weapon Box,Kalis Main Weapon Box,Katzvariak's Venom,Mass of Pure Magic,Imperfect Lightstone of Fire,Imperfect Lightstone of Earth,Imperfect Lightstone of Wind,Any Artifact,Specter's Energy,Ancient Markthanan's Gland
Manshaum Forest,Narc Magic Mark,Black Stone (Armor),Black Stone (Weapon),Manshaum Voodoo Doll,Ancient Spirit Dust,Caphras Stone,Narc Ear Accessory,Guardian Spirit Stone,Lemoria Gloves,Lemoria Shoes,Rumbling Earth Shard,Pure Forest Breath,Trace of Hunting,Forest Fury,Water Spirit Stone Fragment,Narc's Solace,Mass of Pure Magic,Imperfect Lightstone of Fire,Imperfect Lightstone of Earth,Imperfect Lightstone of Wind,Any Artifact,Specter's Energy,Ancient Narc's Crimson Tear
Tooth Fairy Forest,Hoof of Forest Ronaros,Black Stone (Armor),Black Stone (Weapon),Manshaum Voodoo Doll,Forest Fury,Forest Ronaros Ring,Lemoria Gloves,Lemoria Shoes,Guardian Spirit Stone,Rumbling Earth Shard,Krogdalo's Origin Stone,Caphras Stone,Ancient Spirit Dust,Trace of Origin,Pure Forest Breath,Earth Spirit Stone Fragment,Mass of Pure Magic,Tranquil Tinniolum,Imperfect Lightstone of Fire,Imperfect Lightstone of Earth,Imperfect Lightstone of Wind,Any Artifact,Specter's Energy,Ancient Ron's Tintinnabulum
Ash Forest,Specter's Cloth,Black Stone (Armor),Black Stone (Weapon),Deboreka Necklace,Specter's Gaze,Quturan's Black Leaf,Trace of Death,Ancient Spirit Dust,Caphras Stone,Mass of Pure Magic,Imperfect Lightstone of Fire,Imperfect Lightstone of Earth,Imperfect Lightstone of Wind,Any Artifact,Quturan's Left Lung
Mirumok Ruins,Degraded Wood Fragment,Black Stone (Armor),Black Stone (Weapon),Forest Fury,Krogdalo's Origin Stone,Valtarra Eclipsed Belt,Caphras Stone,Destruction Spirit Stone,Lemoria Armor,Lemoria Helmet,Swaying Wind Shard,Rumbling Earth Shard,Ancient Spirit Dust,Manshaum Voodoo Doll,Pure Forest Breath,Tree Spirit Stone Fragment,Mass of Pure Magic,Imperfect Lightstone of Fire,Imperfect Lightstone of Earth,Imperfect Lightstone of Wind,Any Artifact,Silver
Polly's Forest,Mushroom Hypha,Black Stone (Armor),Black Stone (Weapon),Ancient Spirit Dust,Caphras Stone,Lemoria Armor,Lemoria Shoes,Life Spirit Stone,Manshaum Voodoo Doll,Pure Forest Breath,Trace of Forest,Water Spirit Stone Fragment,Dew of Tranquil Forest,Mass of Pure Magic,Specter's Energy,Imperfect Lightstone of Fire,Imperfect Lightstone of Earth,Imperfect Lightstone of Wind,Any Artifact,Manos Craftsman's Clothes
Sycraia Underwater Ruins (Upper),Destroyed Ancient Weapon Power Stone,Black Stone (Armor),Black Stone (Weapon),Abyssal Essence,Fragment of the Deep Sea,Sealed Black Magic Crystal,Caphras Stone,Ancient Spirit Dust,Ancient Creature's Scale,Tungrad Ring,Ancient Seal - Red Shard,Ancient Seal - Black Shard,Mass of Pure Magic,Imperfect Lightstone of Fire,Imperfect Lightstone of Earth,Imperfect Lightstone of Wind,Any Artifact,Specter's Energy
Gyfin Rhasia Temple,Fragment of Bronze Artifact,Black Stone (Armor),Black Stone (Weapon),Destruction Spirit Stone,Caphras Stone,Ancient Spirit Dust,Forest Fury,Swaying Wind Shard,Rumbling Earth Shard,Krogdalo's Origin Stone,Pure Forest Breath,Lemoria Armor,Lemoria Gloves,Lemoria Helmet,Lemoria Shoes,Tungrad Belt,Imperfect Lightstone of Fire,Imperfect Lightstone of Earth,Imperfect Lightstone of Wind,Any Artifact,Silver
Shultz Guard,Armor Fragment,Sausan Supplies Package,Robe Piece,Black Stone (Armor),Black Stone (Weapon),Ancient Spirit Dust,Caphras Stone,Forbidden Book,Grunil Defense Gear Box,Belt of Shultz the Gladiator,Necklace of Shultz the Gladiator,Pure Forest Breath,Specter's Energy,Mass of Pure Magic,Imperfect Lightstone of Fire,Imperfect Lightstone of Earth,Imperfect Lightstone of Wind,Any Artifact
Protty Cave,Protty Fin,Black Stone (Armor),Black Stone (Weapon),Ancient Spirit Dust,Caphras Stone,Rainbow Coral Ring,Ancient Seal - Red Shard,Fragment of the Deep Sea,Trace of Wave,Abyssal Essence,Mass of Pure Magic,Imperfect Lightstone of Fire,Imperfect Lightstone of Earth,Imperfect Lightstone of Wind,Any Artifact,Specter's Energy
Fadus Habitat,Fadus Armor Fragment,Black Stone (Armor),Black Stone (Weapon),Ancient Spirit Dust,Caphras Stone,Bares Main Weapon Box,Yuria Main Weapon Box,Destruction Spirit Stone,Guardian Spirit Stone,Earth Spirit Stone Fragment,Forest Fury,Trace of Battle,Lemoria Gloves,Lemoria Helmet,Swaying Wind Shard,Manshaum Voodoo Doll,Mass of Pure Magic,Imperfect Lightstone of Fire,Imperfect Lightstone of Earth,Imperfect Lightstone of Wind,Any Artifact,Specter's Energy
Navarn Steppe,Feather Wolf Tail,Black Stone (Armor),Black Stone (Weapon),Ancient Spirit Dust,Caphras Stone,Wind Spirit Stone Fragment,Life Spirit Stone,Destruction Spirit Stone,Manshaum Voodoo Doll,Pure Forest Breath,Earth Spirit Stone Fragment,Mass of Pure Magic,Griffon's Helmet,Imperfect Lightstone of Fire,Imperfect Lightstone of Earth,Imperfect Lightstone of Wind,Any Artifact
Gahaz Bandit's Lair,Gahaz Seal,Black Stone (Armor),Black Stone (Weapon),Sealed Black Magic Crystal,Scroll Written in Ancient Language,Trace of Violence,Black Spirit's Claw Piece,Serap's Necklace,Yona's Fragment,Rosar Main Weapon Box,Rosar Sub-weapon Box,Ancient Spirit Dust,Caphras Stone,Specter's Energy,Mass of Pure Magic,Imperfect Lightstone of Fire,Imperfect Lightstone of Earth,Imperfect Lightstone of Wind,Any Artifact
Traitor's Graveyard,Shard of the Vengeful Undead,Black Stone (Armor),Black Stone (Weapon),Ancient Relic Crystal Shard,Ancient Spirit Dust,Caphras Stone,Trace of Death,Witch's Earring,Mass of Pure Magic,Imperfect Lightstone of Fire,Imperfect Lightstone of Earth,Imperfect Lightstone of Wind,Any Artifact
Lekrashan,Sea Monster's Spirit Pouch,Ferocious Sea Monster's Spirit Pouch,Sea Monster's Bizarre Fang,Blue Spirit Essence,Violent Sea Monster's Bone,Violent Sea Monster's Ooze,Violent Sea Monster's Scale,Claws of the Waves,Coral Crystal,Brilliant Rock Salt Ingot,Brilliant Pearl Shard,Manos Stone,Ancient Spirit Dust,[Guild] Black Rust Jawbone,[Guild] Nineshark's Horn Fragment,[Guild] Goldmont Pirate Golden Goblet,[Guild] Black Rust Tongue,[Guild] Nineshark's Fin,Eltro Crystal,Serni Crystal,Zulatia Crystal
Crocs,Sea Monster's Spirit Pouch,Ferocious Sea Monster's Spirit Pouch,Sea Monster's Bizarre Fang,Blue Spirit Essence,Saltwater Crocodile's Scale,Violent Sea Monster's Bone,Violent Sea Monster's Ooze,Ancient Spirit Dust,Coral Crystal,Manos Stone,Violent Sea Monster's Scale,Brilliant Pearl Shard,Brilliant Rock Salt Ingot,[Guild] Black Rust Jawbone,[Guild] Nineshark's Horn Fragment,[Guild] Nineshark's Fin,[Guild] Black Rust Tongue,Moss-Covered Map
Desert Naga Temple,Desert Naga's Webfoot,Black Stone (Armor),Black Stone (Weapon),Scroll Written in Ancient Language,Sealed Black Magic Crystal,Yona's Fragment,Caphras Stone,Ancient Spirit Dust,Trace of Savagery,Rocaba Defense Gear Box,Serap's Necklace,Traveler's Map,Mass of Pure Magic,Imperfect Lightstone of Fire,Imperfect Lightstone of Earth,Imperfect Lightstone of Wind,Any Artifact,Specter's Energy
Titium Valley,Desert Fogan's Helmet Shard,Black Stone (Armor),Black Stone (Weapon),Scroll Written in Ancient Language,Sealed Black Magic Crystal,Yona's Fragment,Caphras Stone,Ancient Spirit Dust,Rocaba Defense Gear Box,Part for Explorer's Compass,Serap's Necklace,Mass of Pure Magic,Imperfect Lightstone of Fire,Imperfect Lightstone of Earth,Imperfect Lightstone of Wind,Any Artifact,Specter's Energy
Bashim Base,Bashim Mane,Black Stone (Armor),Black Stone (Weapon),Scroll Written in Ancient Language,Sealed Black Magic Crystal,Rosar Main Weapon Box,Rosar Sub-weapon Box,Trace of the Earth,Yona's Fragment,Caphras Stone,Ancient Spirit Dust,Mass of Pure Magic,Imperfect Lightstone of Fire,Imperfect Lightstone of Earth,Imperfect Lightstone of Wind,Any Artifact,Specter's Energy
Crescent Shrine,Token of Crescent,Black Stone (Armor),Black Stone (Weapon),Scroll Written in Ancient Language,Sealed Black Magic Crystal,Soiled Ring of Crescent Guardian,Ring of Crescent Guardian,Caphras Stone,Ancient Spirit Dust,Trace of Death,Part for Explorer's Compass,Mass of Pure Magic,Imperfect Lightstone of Fire,Imperfect Lightstone of Earth,Imperfect Lightstone of Wind,Any Artifact,Specter's Energy,Crescent Chief Gatekeeper (Boss)
Cadry Ruins,Cadry's Token,Black Stone (Armor),Black Stone (Weapon),Scroll Written in Ancient Language,Sealed Black Magic Crystal,Cadry's Piece - Blue Ring,Cadry's Piece - Obsidian Decoration,Cadry's Piece - Ruby Ornament,Ancient Spirit Dust,Caphras Stone,Trace of Death,Yona's Fragment,Rosar Main Weapon Box,Serap's Necklace,Ring of Cadry Guardian,Mass of Pure Magic,Imperfect Lightstone of Fire,Imperfect Lightstone of Earth,Imperfect Lightstone of Wind,Any Artifact,Specter's Energy
Waragon Nest,Stone Waragon Hide,Black Stone (Armor),Black Stone (Weapon),Scroll Written in Ancient Language,Sealed Black Magic Crystal,Ancient Spirit Dust,Caphras Stone,Yona's Fragment,Rocaba Defense Gear Box,Serap's Necklace,Mass of Pure Magic,Imperfect Lightstone of Fire,Imperfect Lightstone of Earth,Imperfect Lightstone of Wind,Any Artifact,Silver,Specter's Energy
Basilisk Den,Basilisk Scale,Black Stone (Armor),Black Stone (Weapon),Scroll Written in Ancient Language,Sealed Black Magic Crystal,Ancient Spirit Dust,Caphras Stone,Basilisk's Piece - Ring,Basilisk's Piece - Alignment Pin,Basilisk's Piece - Snake Skin Belt,Rocaba Defense Gear Box,Basilisk's Belt,Mass of Pure Magic,Imperfect Lightstone of Fire,Imperfect Lightstone of Earth,Imperfect Lightstone of Wind,Any Artifact,Silver,Specter's Energy
Centaurus Herd,Centaurus Mane,Black Stone (Armor),Black Stone (Weapon),Scroll Written in Ancient Language,Sealed Black Magic Crystal,Ancient Spirit Dust,Caphras Stone,Trace of Hunting,Rocaba Defense Gear Box,Shattered Belt,Centaurus Belt,Yona's Fragment,Mass of Pure Magic,Imperfect Lightstone of Fire,Imperfect Lightstone of Earth,Imperfect Lightstone of Wind,Any Artifact,Specter's Energy
Roud Sulfur Mine,Sulfur Fragment,Black Stone (Armor),Black Stone (Weapon),Scroll Written in Ancient Language,Sealed Black Magic Crystal,Ancient Spirit Dust,Caphras Stone,Part for Explorer's Compass,Black Spirit's Claw Piece,Trace of Chaos,Traveler's Map,Sicil's Shattered Necklace,Sicil's Necklace,Yona's Fragment,Mass of Pure Magic,Imperfect Lightstone of Fire,Imperfect Lightstone of Earth,Imperfect Lightstone of Wind,Any Artifact,Specter's Energy,Manos Craftsman's Clothes,Lava Devourer,Lava Tukar
Pila Ku Jail,Warder's Token Piece,Black Stone (Armor),Black Stone (Weapon),Scroll Written in Ancient Language,Sealed Black Magic Crystal,Ancient Spirit Dust,Caphras Stone,Trace of Violence,Sicil's Necklace,Sicil's Shattered Necklace,Black Spirit's Claw Piece,Part for Explorer's Compass,Yona's Fragment,Traveler's Map,Mass of Pure Magic,Imperfect Lightstone of Fire,Imperfect Lightstone of Earth,Imperfect Lightstone of Wind,Any Artifact,Specter's Energy,Iron Fist Warder,Sordid Deportee
Gyfin Rhasia Underground,Brone Fragment of Delusion,Black Stone (Armor),Black Stone (Weapon),Caphras Stone,Ancient Spirit Dust,Destruction Spirit Stone,Trace of Memory,Forest Fury,Swaying Wind Shard,Rumbling Earth Shard,Krogdalo's Origin Stone,Elkarr,Tungrad Necklace,Tungrad Belt,Pure Forest Breath,Imperfect Lightstone of Fire,Imperfect Lightstone of Earth,Imperfect Lightstone of Wind,Any Artifact
Jade Starlight Forest,Starlit Jade Powder,Black Stone (Armor),Black Stone (Weapon),Ancient Spirit Dust,Caphras Stone,Dragon Scale Fossil,Embers of Frost,Starlit Jade's Breath,Essence of Insight,Ouk Pill of Time and Tide,Forgotten Witch's Token,Imperfect Lightstone of Fire,Imperfect Lightstone of Earth,Imperfect Lightstone of Wind,Erebjork the Dreadwinter Guardian (Boss),Iridescent Lightstone,Any Artifact,Flame of Frost
Murrowak's Labyrinth,Decomposed Exorcrine Gland,Black Stone (Armor),Black Stone (Weapon),Ancient Spirit Dust,Caphras Stone,Embers of Frost,Dragon Scale Fossil,Heavenly Essence - Ignore Knockdown Resistance,Heavenly Essence - Ignore Stun Resistance,Heavenly Essence - Ignore Knockback Resistance,Heavenly Essence - Ignore Grapple Resistance,Ancient Magic Crystal of Nature - Sturdiness,Ancient Magic Crystal of Nature - Fighting Spirit,Ancient Magic Crystal of Nature - Giant,Ancient Magic Crystal of Nature - Adamantine,Magic Crystal of Infinity - Special Evasion,Murrowak Crystal Carapace,Ouk Pill of Time and Tide,Forgotten Witch's Token,Imperfect Lightstone of Earth,Imperfect Lightstone of Fire,Imperfect Lightstone of Wind,Any Artifact,Flame of Frost,Iridescent Lightstone
Winter Tree Fossil,Winter Tree Snow Crystal,Black Stone (Armor),Black Stone (Weapon),Ancient Spirit Dust,Caphras Stone,Dragon Scale Fossil,Essence of Insight,Starlit Jade's Breath,Heavenly Essence - Ignore Stun Resistance,Heavenly Essence - Ignore Knockdown Resistance,Heavenly Essence - Ignore Knockback Resistance,Heavenly Essence - Ignore Grapple Resistance,Magic Crystal of Infinity - Special Evasion,Ancient Magic Crystal of Nature - Sturdiness,Ancient Magic Crystal of Nature - Fighting Spirit,Ancient Magic Crystal of Nature - Giant,Ancient Magic Crystal of Nature - Adamantine,Imperfect Lightstone of Wind,Imperfect Lightstone of Fire,Imperfect Lightstone of Earth,Any Artifact,Forgotten Witch's Token,Iridescent Lightstone
Erethea's Limbo,Evergrowing Scale,Black Stone (Armor),Black Stone (Weapon),Ancient Spirit Dust,Caphras Stone,Embers of Frost,Essence of Insight,Starlit Jade's Breath,Heavenly Essence - Ignore Stun Resistance,Heavenly Essence - Ignore Knockdown Resistance,Heavenly Essence - Ignore Knockback Resistance,Heavenly Essence - Ignore Grapple Resistance,Ancient Magic Crystal of Nature - Sturdiness,Ancient Magic Crystal of Nature - Fighting Spirit,Ancient Magic Crystal of Nature - Giant,Ancient Magic Crystal of Nature - Adamantine,Ouk Pill of Time and Tide,Iridescent Lightstone,Flame of Frost
Star's End Pillars,Sanguine Crystal of Despair,Black Stone (Armor),Black Stone (Weapon),Sealed Black Magic Crystal,Clear Blackstar Crystal,Black Distortion Earring,Ancient Spirit Dust,Caphras Stone,Pure Forest Breath,Trace of Origin,Mass of Pure Magic,Imperfect Lightstone of Fire,Imperfect Lightstone of Earth,Imperfect Lightstone of Wind,Any Artifact
Sherekhan (Night),Medal of Bravery,Black Stone (Armor),Black Stone (Weapon),Combined Magic Crystal - Hoom,Combined Magic Crystal - Gervish,Combined Magic Crystal - Macalod,Orkinrad's Belt,Trace of Battle,Seleth Main Weapon Box,Kalis Main Weapon Box,Orkinrad Piece - Metal Ornament,Orkinrad Piece - Leather Knot,Dragon Scale Fossil,Garmoth's Scale,Akum Armor,Caphras Stone,Ancient Spirit Dust,Mass of Pure Magic,Specter's Energy,Dragon's Fang,Ancient Sherekhan's Panacea,Imperfect Lightstone of Fire,Imperfect Lightstone of Earth,Imperfect Lightstone of Wind,Any Artifact
Primal Giant Post,Scornful Spear,Tattered Shadow,Black Stone (Armor),Black Stone (Weapon),Sealed Black Magic Crystal,Trace of Battle,Crystallized Despair,Corrupted Breath,Scorching Sun Shard,Mass of Pure Magic,Black Distortion Earring,Blessed Soul Fragment,Ancient Spirit Light
Quint Hill,Fiery Troll Hide,Tattered Shadow,Black Stone (Armor),Black Stone (Weapon),Sealed Black Magic Crystal,Trace of Despair,Crystallized Despair,Corrupted Breath,Scorching Sun Shard,Mass of Pure Magic,Black Distortion Earring,Blessed Soul Fragment,Ancient Spirit Light
Rhutum Outstation,Gnawing Rhutum Fang,Tattered Shadow,Black Stone (Armor),Black Stone (Weapon),Sealed Black Magic Crystal,Trace of Ascension,Crystallized Despair,Corrupted Breath,Scorching Sun Shard,Mass of Pure Magic,Black Distortion Earring,Blessed Soul Fragment,Ancient Spirit Light
Saunil Camp,Icy Armor Fragment,Tattered Shadow,Black Stone (Armor),Black Stone (Weapon),Sealed Black Magic Crystal,Trace of Ascension,Crystallized Despair,Corrupted Breath,Scorching Sun Shard,Mass of Pure Magic,Black Distortion Earring,Blessed Soul Fragment,Ancient Spirit Light
Hexe Sanctuary,Howling Bone Fragment,Tattered Shadow,Black Stone (Armor),Black Stone (Weapon),Sealed Black Magic Crystal,Trace of Death,Crystallized Despair,Corrupted Breath,Scorching Sun Shard,Mass of Pure Magic,Black Distortion Earring,Blessed Soul Fragment,Ancient Spirit Light
[Dehkia] Ash Forest,Tainted Specter's Cloth,Black Stone (Armor),Black Stone (Weapon),Deboreka Necklace,Specter's Gaze,Quturan's Black Leaf,Trace of Death,Ancient Spirit Dust,Caphras Stone,Mass of Pure Magic,Imperfect Lightstone of Fire,Imperfect Lightstone of Earth,Imperfect Lightstone of Wind,Any Artifact,Quturan's Left Lung
[Dehkia] Olun's Valley,Tainted Golem's Heart Fragment,Purple Floating Stone Fragment,Black Stone (Armor),Black Stone (Weapon),Caphras Stone,Ancient Spirit Dust,Olucas,Venomous Night Fang,Quturan's Ashen Leaf,Deboreka Earring,Jewel of Illusion,Any Artifact,Silver,Quturan's Right Lung
[Dehkia] Tunkuta,Tainted Broken Horn Fragment,Broken Horn Fragment,Old Warrior's Horn Decoration,Black Stone (Armor),Black Stone (Weapon),Turo's Belt,Thick Turo Blood,Turo Heart,Caphras Stone,Ancient Spirit Dust,Sealed Black Magic Crystal,Embers of Despair,Flame of Despair,Venomous Night Fang,Quturan's Ashen Leaf,Imperfect Lightstone of Fire,Imperfect Lightstone of Earth,Imperfect Lightstone of Wind,Any Artifact,Quturan's Right Lung,Ulutuka (Boss)
[Dehkia] Thornwood Forest,Tainted Moonlight Spirit Powder,Moonlight Spirit Powder,Black Stone (Armor),Black Stone (Weapon),Caphras Stone,Ancient Spirit Dust,Sealed Black Magic Crystal,Ominous Ring,Ah'krad,Venomous Night Fang,Mass of Pure Magic,Quturan's Black Leaf,Imperfect Lightstone of Fire,Imperfect Lightstone of Earth,Imperfect Lightstone of Wind,Any Artifact,Silver,Specter's Energy,Quturan's Left Lung
City of the Dead,Mark of the Black Sands,Black Stone (Armor),Black Stone (Weapon),Ancient Spirit Dust,Trace of Death,Sealed Black Magic Crystal,Imperfect Lightstone of Fire,Ancient Magic Crystal of Nature - Giant,Kuadir Fragment,Essence of Devouring,Origin of Dark Hunger,Specter's Energy
Tungrad Ruins,Tungrad Ruins Fragment,Black Stone (Armor),Black Stone (Weapon),Ancient Spirit Dust,Trace of Memory,Sealed Black Magic Crystal,Ancient Magic Crystal of Nature - Giant,Kuadir Fragment,Essence of Devouring,Origin of Dark Hunger,Specter's Energy
Winter Tree Fossil (280ap),Winter Tree Snow Crystal,Black Stone (Armor),Black Stone (Weapon),Ancient Spirit Dust,Caphras Stone,Dragon Scale Fossil,Essence of Insight,Starlit Jade's Breath,Heavenly Essence - Ignore Stun Resistance,Heavenly Essence - Ignore Knockdown Resistance,Heavenly Essence - Ignore Knockback Resistance,Heavenly Essence - Ignore Grapple Resistance,Magic Crystal of Infinity - Special Evasion,Ancient Magic Crystal of Nature - Sturdiness,Ancient Magic Crystal of Nature - Fighting Spirit,Ancient Magic Crystal of Nature - Giant,Ancient Magic Crystal of Nature - Adamantine,Imperfect Lightstone of Wind,Imperfect Lightstone of Fire,Imperfect Lightstone of Earth,Any Artifact,Forgotten Witch's Token,Iridescent Lightstone
Winter Tree Fossil (250ap),Winter Tree Snow Crystal,Black Stone (Armor),Black Stone (Weapon),Ancient Spirit Dust,Caphras Stone,Dragon Scale Fossil,Essence of Insight,Starlit Jade's Breath,Heavenly Essence - Ignore Stun Resistance,Heavenly Essence - Ignore Knockdown Resistance,Heavenly Essence - Ignore Knockback Resistance,Heavenly Essence - Ignore Grapple Resistance,Magic Crystal of Infinity - Special Evasion,Ancient Magic Crystal of Nature - Sturdiness,Ancient Magic Crystal of Nature - Fighting Spirit,Ancient Magic Crystal of Nature - Giant,Ancient Magic Crystal of Nature - Adamantine,Imperfect Lightstone of Wind,Imperfect Lightstone of Fire,Imperfect Lightstone of Earth,Any Artifact,Forgotten Witch's Token,Iridescent Lightstone
